Gene,Community
AATF,1
BAX,1
CDKN1A,1
KLK3,6
MYC,1
TP53,1
ABL1,11
NFKB1,2
RELA,2
PML,1
HIF1A,9
PER1,9
ATM,1
SP1,0
STAT1,2
TP63,8
NR3C1,13
DMAP1,1
MYCN,1
TP73,1
ELL,1
ERCC2,1
ETS1,4
GFI1,4
ING1,1
ING4,1
MLLT10,1
MLLT3,1
PAX5,1
WWTR1,13
BCL6,11
JUN,10
BRCA1,9
KLF4,8
AR,6
EP300,15
TBP,3
ARID1A,1
SMAD3,9
E2F1,1
ESR1,6
ATF2,10
CEBPB,4
NUPR1,11
SIRT1,9
SIRT2,13
EGR1,0
HDAC7,5
STAT3,11
RB1,1
IRF9,11
E2F3,1
RUNX3,4
CBX8,1
PPARG,3
CDX2,3
VDR,5
HSF1,6
POU5F1,12
SOX9,7
CREBBP,15
IRF1,2
RARA,3
EZH2,8
TAF4,0
WT1,5
HDAC1,12
DNMT3A,12
EAPP,0
EBF3,1
EHMT2,1
PARP1,8
ETS2,4
JUNB,10
PTMA,4
ZFHX3,6
ESR2,6
TFAP2A,0
ETV6,1
FHL2,1
TCF3,6
SMAD4,9
SMAD7,10
FOXG1,1
KLF2,12
FOXP3,2
FUBP1,1
HBP1,1
HDAC2,8
HDAC4,9
HNF4A,3
HIPK2,1
JUND,10
KAT2B,9
KLF10,0
KLF16,1
KLF6,0
LCOR,8
SP3,0
TFAP4,0
NCOA1,9
NELFCD,7
NFIA,10
NFIB,7
NFIX,11
NPM1,1
REL,2
TBX3,8
SMAD2,7
SMARCA4,8
SOX6,1
ZNF300,13
TAF1,6
TAF5,1
TBX2,8
TFAP2C,0
TSC22D3,11
ZBTB17,11
ZBTB2,1
ZBTB5,1
ZNF76,17
BTG2,6
NKX3-1,6
TRPS1,6
RUNX1,4
RUNX2,6
FOXP1,6
PGR,13
SIN3A,15
FUS,6
NCOA4,6
PA2G4,6
RREB1,6
SPDEF,6
SRCAP,6
ASS1,9
ATF3,13
AXIN2,3
BAG2,1
BCL2,7
BMI1,1
BRD7,1
CAD,8
CBFB,4
CCNA2,1
CCNB1,1
CCND1,9
CCND2,11
CCNE1,3
PROM1,14
CD33,1
CD38,2
CDC25C,7
CDC34,1
CDCA7,1
CDH3,2
CDK2,1
CDK4,2
CDK6,6
CEBPA,4
CFLAR,2
CHEK1,1
CHEK2,1
CXCR4,14
CYP3A4,3
DDX18,1
DKK1,12
EBNA1BP2,1
FASLG,10
FMR1,14
FOXM1,1
FTH1P18,1
FUT3,1
GATA1,4
GATA4,5
HLA-A,1
HLA-B,1
HLA-C,1
HLA-E,1
HLA-F,1
HLA-G,1
HNRNPA1,1
HNRNPA2B1,9
HSPA4,6
ID2,1
IER3,2
IFNA1,2
IGF2BP1,1
IGK,1
IL6,13
IPO7,1
KRAS,1
LDHA,0
MAPK1,8
MME,12
MST1,8
MTDH,1
NDRG1,4
NFE2,4
NOL7,3
ODC1,1
PCNA,1
PGK1,9
PMAIP1,1
PRDX3,14
PRODH,1
PTBP1,1
RCC1,1
SART3,1
SFRP1,12
SHMT1,1
SRSF1,1
ST3GAL1,1
ST3GAL3,1
ST3GAL4,1
SURF1,5
SURF2,5
TERT,1
TFAM,1
TFRC,9
TLX1,8
TNFRSF10B,13
TOP1MT,1
UBE2C,5
VEGFA,9
WRN,1
XPO1,1
LEF1,7
AHR,9
FOS,10
APC,14
CTNNB1,7
FOXA1,6
IFI16,1
RBL1,1
CTCF,5
MYB,4
BDP1,1
BIN1,1
PRDM1,1
CEBPE,4
CHD8,1
CNBP,1
NF1,0
DLX5,12
HIC1,9
MYBL2,1
E2F4,1
E2F5,1
TCF4,7
ENO1,1
YY1,5
STAT4,2
HDAC11,2
HDAC3,5
HOXA1,9
PTTG1,0
L3MBTL1,4
MTA1,8
MAX,1
MXI1,1
RFX1,15
SNIP1,9
WDR5,5
TBL1X,1
ZBTB7A,8
ZNF382,11
ABCB1,11
AFP,3
AKT1,14
ALKBH2,1
ALOX5,12
ANKRD1,13
ANTXR1,1
APAF1,1
APCS,1
AQP3,1
ADGRB1,12
BBC3,1
BCL2L1,11
BCL3,5
BDKRB2,8
BGLAP,13
BIRC5,1
BRCA2,14
BTG3,1
BTS1,0
CABLES1,1
CARM1,2
CASP1,4
CASP3,1
CAV1,3
CCNA1,1
CCNB2,15
CD82,10
CDK1,1
CDKN1B,11
CHUK,4
CKM,5
CRYAB,0
CTSD,6
CYFIP2,4
DDB1,1
DDB2,0
DNMT1,12
DUSP1,1
E2F7,1
EGFR,5
ELF4,1
EPHA2,8
FAS,11
FDXR,1
FGF2,11
FLT1,0
FOXO3,11
FRMD5,1
GADD45A,11
GC,1
GDF15,8
GLI2,7
GML,1
GPNMB,7
GSTP1,10
HRAS,0
HSP90AB1,1
ID1,13
IGF1R,6
IGFBP3,12
MAD1L1,4
MAP4,1
MCL1,13
MCM7,1
MDM2,1
MDM4,1
MET,7
MGMT,12
MKI67,1
MMP1,2
MMP2,8
MUC2,0
NLRC4,1
NME1,11
OGG1,11
PDGFRB,7
PERP,1
PIAS3,6
PLAGL1,14
PLK1,1
PLK3,1
POLD1,1
PPARGC1A,3
PTPA,10
PRC1,1
PRG3,1
PRKAB1,1
PTEN,2
PTPN13,2
RAD51B,6
RASSF1,0
RECQL4,12
REEP5,1
RRM2B,4
S100B,3
SFN,1
SIAH1,1
SIVA1,1
SLC2A1,1
SLC6A6,1
SSTR2,1
TBXAS1,15
TCEAL1,1
TCF7L2,7
THBS1,1
TNFRSF10A,2
TP53I3,1
TRIM22,2
TYMS,1
UHRF1,1
UHRF1BP1,1
VCAN,7
XPC,9
HOXA10,1
HMGA1,8
PAX8,3
HDAC9,2
VHL,9
IKBKB,2
PAX2,0
TFDP1,1
RUVBL1,1
YEATS4,1
CSF1,4
PIM1,11
ATF1,0
ATF5,13
CREB1,0
BACH2,13
DEK,13
NR1I2,3
SATB1,2
TWIST1,8
GLI1,7
ING2,7
MSX2,13
SIM2,7
NCOA3,7
PAWR,7
ZBTB16,7
ZNRD1,7
CD80,2
CDKN2B,11
FCER2,2
IRF4,2
LITAF,11
PDCD2,11
SUMO1,11
XBP1,13
SPI1,4
ZEB1,8
FOSL2,10
FOXO4,11
MEF2B,11
STAT5A,11
STAT5,11
STAT5B,11
NFKB2,6
ETV4,0
FOXL2,5
MAF,2
MAFB,11
NFYA,11
NFYB,11
NFYC,11
TRRAP,11
BCL2L11,2
GALT,11
MYOCD,11
PIK3CA,11
SIRT6,11
TNFSF10,2
TXNIP,11
VEGFB,11
SIRT3,11
ACTA1,10
ALOX12,0
APOC3,3
APOM,10
APP,2
BATF3,10
BECN1,10
BEX2,10
CA2,10
CCK,10
CCL2,2
CCL5,2
CDK5R1,10
CREM,0
CSF2,4
CSTA,10
CTGF,4
CTSL,0
CXCL8,13
CYP11A1,5
CYP19A1,3
CYP1A2,10
CYP2J2,10
DCN,10
DDIT3,13
DDX21,10
EDN1,2
ELN,10
EZR,10
F3,2
FGF7,2
VEGFD,10
FOSL1,10
GCLC,10
GJA1,10
HEY1,3
IBSP,12
IFNB1,2
IFNG,2
IL12A,2
IL12B,2
IL1A,10
IL1B,2
IL2,15
IL23A,2
IL24,10
IL3,4
IL5RA,15
ITGAX,4
ITGB8,10
KRT16,15
LBP,10
LGALS3,6
LOR,10
MAP3K1,10
MAPK8,10
MAT2A,0
MEF2D,5
MELTF,10
MGP,10
MMP12,10
MMP13,2
MMP20,10
MMP3,2
MMP7,7
MMP9,10
MSR1,4
NAMPT,2
NEFL,10
NEIL1,10
NGF,10
NOS2,2
NOS3,12
NOX5,2
NPY,10
NQO1,10
NTS,10
OPRM1,16
OXTR,10
PCK2,10
PDHA1,10
PDK1,10
PENK,16
PLAT,0
PLAU,10
PLAUR,10
POLD2,0
PPARA,3
PPARD,3
PTGS2,10
PTN,0
RARB,3
RARG,3
RELB,2
REN,7
RHOB,12
SLC19A1,0
SMN1,10
SOD2,0
SOX7,10
SPRR1B,10
SPRR3,10
STAR,5
STMN1,0
SYK,10
TFF1,6
TIMP2,0
TNC,9
TNF,2
TNFRSF1B,10
TXN,10
UGT2B15,6
VCAM1,2
ARNT,9
MEF2C,5
MEF2A,5
NFIC,0
TNFAIP3,2
NFRKB,10
PITX1,6
ZNF383,10
ERG,8
AES,7
EPHA3,7
RND3,4
CCL7,7
CD1D,12
CHGA,7
CLDN2,7
CTLA4,7
CYLD,7
DSG4,7
EDA,7
ELANE,4
HERC2,7
MITF,7
MYCBP,7
NRCAM,7
NT5E,7
OCA2,7
PRL,4
RAG2,7
SKP2,1
SNAI2,8
LMO2,8
PITX2,11
FOXD3,4
ABCG2,8
AHRR,9
CA9,9
CCNG2,6
CYP1A1,9
CYP1B1,9
CYP2B6,3
IL13,2
MFSD2A,9
MT2A,9
RFC3,9
UGT1A1,3
UGT1A6,9
AIP,6
ESRRA,3
SALL4A,8
BHLHE40,9
EGLN2,9
EPO,9
GAD1,12
PHB2,6
AREG,9
ASPM,9
BACH1,4
CASR,9
CXCL1,2
E2F6,1
FOXC1,13
FOXC2,7
FST,7
HMGA2,7
HSPA5,13
IGF1,6
IRF7,2
JAK1,9
JAK2,6
KHSRP,9
KRT17,11
KRT18,9
KRT5,0
MAD2L1,4
MDC1,11
RNASEL,9
S100A2,9
STAT2,2
CTBP1,9
RBL2,0
DLX4,9
USF2,14
ID4,0
LMO4,8
MEN1,11
NFE2L2,4
TP53BP1,9
ZNF423,9
ATF4,13
EPAS1,9
KLF5,9
BHLHE41,7
NANOG,12
E2F8,9
HEXIM1,9
HOXB7,11
SOX2,12
LIN28A,9
KDM4B,6
MECP2,12
POU2F1,4
POU4F2,12
RNF14,9
SP4,0
ZNF24,7
OTX2,7
USF1,14
HNF1A,3
NR5A1,5
NR1I3,3
CASP9,2
CD40LG,2
CLU,10
CRP,3
ERCC4,10
FGFBP1,10
FMO4,10
HSPH1,10
LRIG2,10
NPPA,5
NTF3,5
SLC10A2,10
SRR,10
ELK4,6
SRF,10
DACH1,6
ELK1,0
STAT6,2
TWIST2,8
HMGN1,6
HOPX,10
HSF2,10
NCOA6,3
RBMX,10
TBX21,2
IRF8,2
NFIL3,2
NFKBIA,2
SUGP1,2
EGR2,7
ZFP36,9
FOXO1,11
GBX2,13
RBPJ,2
ZMYND11,13
GCM1,9
CDX1,3
PURA,6
GREB1,6
RSF1,6
CCL21,6
SELP,6
SND1,6
FOXA2,3
NELFB,6
NFATC3,6
AIRE,20
CHRNA1,20
DAXX,20
HAND2,5
JARID2,5
NKX2-2,5
TBX5,5
ZIC3,5
APBB1,15
GMPS,15
KAT5,15
AMHR2,14
DLG1,14
F8,2
SGK1,14
CEBPZ,7
ILF3,15
BAG1,12
BMP2,2
CASP8,12
CDH1,8
CDKN2A,8
EPCAM,2
IL32,12
KIR2DL3,12
MBD2,12
MSH2,12
RELN,12
RGS10,12
SFRP5,12
TIMP3,12
ALPI,8
CD14,5
CDH5,8
CDKN1C,1
GPA33,8
HBA1,8
HBA2,8
HDC,15
HSPA8,8
IFITM3,8
IVL,10
KRT19,6
LAMA1,0
LAMA3,15
LXN,12
PFKP,8
SOD1,13
TAGLN,10
THBD,3
ZNF750,8
ZNF148,2
MLX,1
MXD1,1
MXD4,1
NR0B2,3
DR1,3
CEBPD,2
ELF3,10
SETBP1,10
APEX1,9
CD19,9
CYP11B2,0
PTH,9
SLC5A5,3
IRF3,2
NFAT5,2
PREB,4
A2M,5
ABCA1,3
ADORA1,2
ADORA2A,2
ADORA3,2
AGER,3
AGT,2
AKT2,2
ALOX5AP,2
AMH,5
B2M,14
BACE1,0
BCL2A1,2
BDKRB1,0
BGN,2
BHMT,2
BIRC2,2
BIRC3,2
BST1,2
CARD8,2
CCL11,2
CCL13,2
CCL19,2
CCL20,2
CCL22,2
CCL3,2
CCL4,2
CCR2,2
CCR3,2
CCR5,2
CCR7,2
CD28,0
CD3G,2
CD40,2
CD58,2
CD69,2
CD74,2
CD83,3
CD86,2
CEACAM1,14
CFI,2
CFTR,0
COL1A1,0
COL1A2,15
COL2A1,0
COL7A1,9
COX1,2
CR2,2
CREB3,2
CRHR1,2
CRMP1,4
CSNK2A1,2
CTSB,14
CXCL10,2
CXCL12,9
CXCL2,2
CXCL5,2
CXCR2,2
CYP27B1,2
CYP2E1,2
CYP3A7,2
DEFB4A,2
DRD2,2
EBI3,2
ERAP1,2
ERAP2,2
FAF1,2
FBP1,14
FGF8,2
FLT4,2
FN1,8
GADD45G,2
GATA3,2
GDNF,0
GFAP,2
GKN2,2
GRIN1,2
GSK3A,2
GSK3B,5
HAX1,0
HBEGF,2
HES1,0
HMOX1,4
HOXA9,2
HPSE,2
HSD11B2,0
HYAL1,0
ICAM1,2
IGF2BP2,2
IL10,2
IL17A,2
IL17C,2
IL18,2
IL1RN,2
IL21,11
IL2RA,2
IL4,2
KDM2A,2
LCN2,2
LIPE,3
LPL,3
LTC4S,0
MADCAM1,2
MICA,2
MIF,2
MMP14,0
MUC17,2
MUC5AC,7
MUC5B,2
MUC6,0
NCAM1,3
NCOR1,6
NCOR2,2
NFKBIZ,2
NLRP2,2
NOD2,3
NOLC1,2
NOS1,2
NOX4,2
NPPB,5
NRF1,14
OLFM4,2
OLR1,2
OPTN,2
PCYT2,2
PDE7A,4
PDK4,3
PGLYRP2,0
PIGR,2
PLA2G2A,2
PLIN1,2
POU2F2,4
PPIG,13
PROX1,3
PSMB10,2
PSMB9,2
PTAFR,2
PTGDS,0
PTGER4,2
PTGES,0
PTGFR,2
PTHLH,2
PTPN6,14
REPS2,2
RGS4,2
RIPK2,2
S100A6,2
SAA1,4
SDC1,2
SELE,2
SERPINA3,2
SERPINB1,2
SERPINE1,9
SFTPA1,2
SLC25A27,2
SLC9A2,2
SNAI1,8
SOCS3,2
SQSTM1,6
STK39,2
TAP1,2
TAP2,2
TAPBP,2
TF,5
TFF3,2
TFPI2,0
TGFB1,10
TIMP1,10
TLR2,2
TLR3,2
TLR7,2
TLR9,4
TNFRSF13C,2
TNFRSF9,2
TNFSF13B,2
TNFSF14,2
TNIP3,2
TRAF1,2
TRAF2,2
TRIM21,2
TRPC1,2
TSLP,2
UPP1,2
VWF,2
XIAP,2
BTF3,2
ETV3,2
LYL1,8
NR1H4,3
TAL1,8
PIR,2
GCM2,9
BAD,13
GNRH2,3
GTF2B,0
SAA2,4
TRIB3,13
HHEX,3
AKR1C3,6
ALDH1A3,6
ARG1,6
ARG2,6
ATAD2,6
BSG,0
BTG1,12
CDK20,6
CDC6,1
CDH11,6
CDH2,8
CLK3,6
CRH,6
CRISP1,6
CRISP3,6
CYP7B1,6
ERBB2,0
ERBB3,8
ETV1,6
FKBP4,6
FOLH1,6
GNMT,6
GTF2F1,13
HMMR,6
KISS1,0
KISS1R,6
KLK1,6
KLK2,6
KLK4,6
MED1,5
MID1,6
MUC1,6
NAT1,6
NOV,5
NRAS,6
PC,13
PSCA,6
PEBP1,8
PIP,6
PMEPA1,6
PNRC1,6
PTPN1,6
REST,16
SEPT7,6
SERPINB5,6
SESN1,6
SRD5A3,6
STIM1,6
TGFA,6
TH,0
TJP1,12
TMPRSS2,6
TSC1,6
TSC2,6
UCN,6
USP26,6
VIM,8
WEE1,6
WNT7B,6
NCOA2,6
MEIS1,14
FOXH1,6
GATA2,4
HEYL,6
KHDRBS1,6
PIAS2,6
SREBF1,3
YBX1,8
URI1,6
WHSC1,13
HLX,12
SPHK1,6
ARID3A,1
MSC,2
TCF12,8
CBX7,3
FOXF1,7
FOXQ1,9
HDGF,11
ZNF217,8
HOXA7,8
KLF8,8
MTA2,8
ZEB2,8
RBBP7,8
SALL4,8
SIX1,6
MZF1,8
TP65,6
TRIP6,6
NR4A2,6
CD44,8
GLCE,7
PLD1,7
STARD7,7
TCF7,7
NKX2-5,5
LRRFIP1,5
TSG101,3
NR3C2,2
NR2C2,6
ALOX15,15
CRABP1,15
CYBB,4
EIF2AK1,15
HINFP,15
IL5,4
RAD51,15
RS1,15
S100A4,15
FLI1,4
GABPA,0
ATF7,0
DENND4A,0
ELF1,4
TFAP2B,0
XRCC5,4
XRCC6,0
CAT,0
SOX17,14
AGR2,6
APOB,3
GCG,5
HSPA1A,6
KRT7,6
NKX2-1,6
RET,6
RPRM,6
SERPINC1,3
SFTPB,6
UGT2B17,3
HOXC6,12
MED23,11
FASN,9
ITGB2,9
MYH11,9
NOTCH1,9
SMURF2,9
AURKA,1
SULT2A1,5
PIAS1,5
PIAS4,5
ACTG2,11
SIX6,6
SOX4,3
MAFA,13
AVP,6
BDNF,16
CACNA1H,16
CARTPT,16
CD59,16
CHGB,16
DGCR5,16
DYRK1A,16
GABRB3,16
GJD2,16
GLRA1,16
KCNN4,16
KCNQ2,16
KCNQ3,16
NRP1,16
PCSK1,0
SCG3,16
SYN1,16
TAC1,16
TAC3,16
TPH2,16
TUBB3,16
VGF,16
VIP,16
ZNF335,16
IGFBP4,0
LIN28B,3
PPBP,3
BTAF1,3
DRAP1,3
GTF2A1,3
ACVRL1,7
HECA,7
WWC1,7
HOXA4,0
HOXA5,0
SRY,5
PITX3,0
SFPQ,13
COPS5,11
HTATIP2,9
ID3,6
TRAF6,9
TEAD4,9
ZFP36L1,9
TRIM16,8
SSB,12
IGH,1
ARID1B,1
POU2AF1,1
ANGPTL4,3
BAMBI,9
CYP17A1,5
CYP7A1,3
FSTL3,9
LTBP4,9
POR,0
CUX1,1
ASF1B,1
ATG5,13
AURKB,1
CASP7,4
CD2AP,0
CDAN1,1
CTNNBIP1,0
CTSV,1
DAPK2,4
DBF4,0
DHFR,1
DIRAS3,1
DOK1,1
DRAM1,1
DROSHA,1
ECT2,1
ERCC1,15
ERCC5,5
ERICD,1
FANCA,1
FGFR1,1
FHIT,1
FMN2,1
FSHR,1
FZD1,1
GINS3,1
H19,5
ISYNA1,1
KDR,0
KIF2C,1
KIR3DL1,5
LRBA,1
MAP1LC3A,1
MAP3K5,1
MCM5,1
MCM8,1
MCPH1,1
MEFV,1
MIR202,1
MT1G,1
MUC4,0
MYH10,4
NELL2,1
NPAT,1
NRIP1,1
PCSK6,1
PEG10,1
PIN1,1
PNRC2,1
PPP1R13B,1
PTPRO,1
RACGAP1,1
RASGEF1B,1
RASGRP1,1
RBM38,1
RNF2,1
RPA2,1
RRM1,1
RRM2,1
RRP1B,1
TNFSF11,6
TOP2A,1
TP53BP2,1
TP53INP1,1
ULK1,1
WWOX,1
XRCC1,14
ZNF350,1
HCFC1,1
NR4A1,5
RORA,3
NR2F2,3
POLR1A,1
TFDP3,13
CCNT1,1
EAF2,1
FLT3,11
GRIP1,1
HCK,3
UBA7,1
HIST1H2AE,1
ARNTL,9
CLOCK,9
NR1H3,3
NR5A2,3
ZHX2,3
TCF19,3
BLM,6
CD24,6
CHAT,6
CRHBP,6
CYP2C19,6
DCT,7
F12,6
HSPB1,6
HTRA2,6
MICB,6
MTA3,8
OXT,6
PELP1,6
PLAC1,12
SERPINB9,6
UGT1A4,6
YWHAQ,6
BARD1,7
BARX2,6
NR2E3,7
ACE,0
ACE2,9
AGTR1,0
ALAS2,9
ALDOA,5
ARNT2,9
BID,7
BNIP3,9
EDNRB,7
EGLN1,9
EGLN3,2
FAM162A,9
GAPDH,9
GCK,3
LEP,6
LOX,9
MUC3A,9
PFKFB3,9
PFKFB4,9
PPP1R3C,9
RECK,9
SDHB,14
SETD2,9
SLC29A1,9
SOCS1,7
TGFB3,9
TLR6,9
WASF3,9
HIF3A,9
HSF4,15
LIMD1,9
CRY1,9
CRY2,9
PER2,9
PER3,9
NR1D1,9
NPAS2,9
SLC5A1,14
ARNTL2,9
TGIF1,9
ARX,5
KDM5C,5
LMO1,5
PAX4,5
SHOX2,5
INS,3
ISL1,5
ACAN,0
ASCL1,0
CHRNA3,0
CHRNA5,0
CHRNB4,0
IGF2,5
TPH1,11
HES6,0
HNRNPR,0
LMO3,0
NHLH2,0
MSX1,3
GATA6,3
DDX5,5
MBD1,12
HDAC5,5
PLAG1,14
PLAGL2,5
SUZ12,8
ASH1L,10
FOSB,10
ASXL1,3
FABP4,3
CGA,0
CYP11B1,0
FTH1,0
MAP1LC3B,13
SLC20A1,0
SLC22A8,0
TGFB2,14
USP7,0
EWSR1,7
FOXI1,0
DLX3,0
POU1F1,7
THRA,3
THRB,0
RPS3A,0
TOMM70,0
ZNF205,0
ACP5,7
BEST1,7
BIRC7,7
CTSK,7
HOXB4,14
KCNMA1,7
KIT,0
MC1R,7
MLANA,7
PMEL,7
PRKCB,7
SERPINF1,7
TRAP,14
TRPM1,7
TYR,7
TYRP1,7
ONECUT1,7
ONECUT2,7
PAX3,7
POU3F2,7
SOX10,7
ATOH1,0
PAX6,7
FOXP2,7
DUSP10,10
IMPDH2,0
PCK1,10
POLB,10
RETN,10
ST3GAL5,10
NR2F1,3
NR2F6,3
ADIPOR1,13
ADIPOR2,13
AK4,13
ASNS,13
PCLAF,1
LDLR,3
JDP2,13
SREBF2,3
CIITA,15
PDCD11,10
IRF2,2
NFKBIB,5
EOMES,12
NFATC1,2
NFATC2,2
RFX5,15
PDX1,3
GLIS3,3
KLF11,3
NEUROD1,11
ETV5,8
SSX2,8
HOXD3,10
RFWD2,10
HMGB2,11
IRF5,2
KLF13,3
RTN3,13
ATF6,13
TRIM28,1
APOE,13
CHAC1,13
DDIT4,13
DDR2,13
DISC1,13
F7,13
FGF19,13
FGF21,13
HRK,13
IGFBP1,13
NDC80,13
S100P,13
SIGMAR1,13
ADM,6
ALB,4
CSF3R,4
CSH1,0
CSH2,4
CSRP1,11
DAPK1,12
FURIN,4
GFER,3
GNLY,4
HBB,4
HP,11
INSR,4
PRSS50,4
S100A9,4
SFTPD,10
SLC10A1,4
SLC5A8,4
TNFAIP6,4
TOP1,4
NEAT1,13
GTF2I,13
IFNA13,2
IFNA2,2
IFNL1,2
IFNL2,2
IFNL3,2
SPIB,4
MSL1,11
ADAMTS5,9
BCL11A,9
CCAR2,9
CFH,9
COL10A1,9
DLL4,9
ESRRG,5
HBE1,4
HYOU1,11
NBN,9
SHC1,9
NEDD4,13
CCND3,13
SH2D1A,13
EBF1,13
ACACA,0
ADRA1A,0
CD4,0
CRTC1,3
GRPR,4
HLA-DOB,15
HLA-DQB1,15
HPGD,8
LAPTM4B,0
MC2R,5
MSMB,7
NMNAT2,0
NR4A3,8
PPM1D,0
PPP2CA,0
PPP2R2B,0
PSEN1,0
RP1,0
SLC39A1,0
SMAD6,0
SPRY2,0
TRH,11
UXT,0
ACHE,0
AKR1B1,0
BCAR1,0
DMRT1,0
FAP,0
GGPS1,0
IL2RB,0
LHB,5
LMTK2,0
LTB,0
NAB2,0
PCSK2,0
PDGFB,0
PDGFC,0
PSEN2,0
PTP4A1,0
SLC4A2,0
SLC9A3,0
SOX18,11
SPRY1,0
SYN2,0
TBXA2R,4
TGFBR2,0
TMPO,0
TOE1,0
UBE2S,10
WNT4,7
MAML1,3
NKX2-3,0
ATP2A2,0
DNAJC3,13
NUCB1,13
STARD4,13
WBP1,13
CYP27A1,3
CYP8B1,3
G6PC,3
DMD,10
FXN,10
HMGXB4,10
KPNA1,10
KPNB1,10
LMO7,10
MYL9,10
PLG,10
PRRX1,10
SAMD4A,10
MKL1,10
TEAD1,7
EDEM2,13
ERN1,13
ERP29,13
PRNP,13
WFS1,13
TAF12,4
APLF,1
KLRK1,1
MTF1,13
PBK,1
PVR,1
TERF1,1
DEDD,4
BRIP1,7
CDC25A,12
CDC25B,1
FGB,1
KRT15,1
ACO1,13
MCAT,13
PGF,11
SNCB,13
KLF9,1
ABCB8,0
ABCC1,1
ABCC3,3
ADA,0
ADAM10,0
ADAM17,0
ADAM23,0
ADH6,0
ADIPOQ,0
ADRA2B,0
ADRB3,0
GRK2,0
ALOX15B,0
AMACR,3
APLNR,0
APOA1,3
ARF6,0
ASPN,0
ATP2A3,0
ATP2C1,5
B4GALT1,0
B4GALT5,0
BACE2,0
BLMH,8
BTK,0
C1QBP,0
C4A,0
C4B,0
CBS,0
CD151,0
CD163,4
ADGRE5,0
CD99,0
CDC42BPG,0
CENPH,0
CENPW,0
CERS2,0
CES1,0
CETP,3
CHI3L1,11
CHST4,2
CIC,3
CLDN3,8
COL11A2,7
COL18A1,0
COMP,0
CXADR,8
CXCL14,0
CYP2F1,0
CYP3A5,5
DCK,0
DHCR24,0
DNASE2,0
DNMT3B,0
DPYSL2,4
DRG2,0
EGF,0
ELMO3,3
ENG,8
EPOR,8
ERVW-1,9
F10,0
F2R,0
FABP6,3
FBLN1,0
FBN1,8
FES,4
FGFR3,0
FGL2,0
FOLR1,0
FPGS,0
FUT4,0
FXR2,11
GAST,11
GDA,0
GDF5,0
GH2,7
GIPR,0
GM2A,0
GPR39,3
GSPT1,3
HAS2,5
HBZ,0
HCN2,0
HCN4,0
HGF,0
HIST2H4A,0
HPR,0
HSD17B1,0
HSD17B11,4
HSD17B2,0
HSD3B1,5
HTR1A,0
HTT,0
IFNGR1,0
INPP5J,0
IRS2,0
ISG20,14
ITGA2,0
ITGA5,0
ITGAD,0
ITGAV,10
ITGB3,10
KCNH2,0
KCTD11,0
KRT14,10
LCAT,0
LDHC,0
LOXL4,0
LRP5,6
LSP1,0
LTF,4
LYZ,0
MACROD1,4
MAOB,0
MAT2B,0
MCTS1,0
ME1,0
MMP11,0
MMP28,12
MMRN1,0
MNDA,4
MPG,0
MPO,4
MYBL1,4
NDUFV1,0
NDUFV2,0
NQO2,10
OAT,0
P2RX4,0
P4HA1,14
PADI1,0
PADI3,0
PDE6A,0
PDE6B,0
PDIA2,0
PELO,0
PHGDH,1
PLAA,0
PNOC,0
POLE2,0
PON1,3
PPL,0
PRKCE,1
PRM1,0
PSIP1,12
PTGIR,4
PTK6,0
RGN,0
SCNN1B,0
SCT,0
SCTR,0
SGPL1,5
SIGIRR,0
SLC13A4,7
SLC15A1,3
SLC19A2,0
SLC19A3,0
SLC25A20,3
SLC31A1,0
SLC39A8,0
SLC3A2,0
SLC7A5,0
SMARCA1,8
SMPD1,0
SNAP25,0
SNAPC1,4
SNRPN,14
SOX3,11
SPN,0
SPP1,4
SRC,6
ST6GAL1,4
STARD3,0
STK11,11
SYP,14
TAF7,0
TCN2,14
TERF2,0
TGM4,0
TICAM1,9
TINF2,0
TK1,4
TNNI3,5
TPMT,0
TYMP,0
UBC,0
UGCG,0
UGDH,0
UTRN,0
VAMP2,0
WAS,4
WIF1,0
ATRX,8
CITED2,2
MAZ,0
ZNF410,2
FOXK2,15
ILF2,15
TOB1,15
BATF,14
CD2,14
TCFL5,14
AGGF1,4
BST2,4
CDA,4
DICER1,3
F13A1,4
FCER1A,4
GFI1B,11
GNAS,5
GP1BB,4
GP6,4
GP9,4
GYPB,4
HBG1,4
HEMGN,4
PBXIP1,5
IL1RL1,4
ITGA2B,4
KLF1,4
MPL,4
PF4,14
PPOX,4
PRG2,4
SEMG1,4
SMAD1,12
ST2,4
ZNF268,4
ANG,5
ASAP2,5
ATXN7,5
CELSR3,5
DMPK,5
ETNK2,5
IPO13,5
IRAK2,5
MEG3,5
PTPRG,5
RAD21,5
RARRES1,5
SIX5,5
SLC6A4,5
ANPEP,4
CD34,8
CDO1,4
CLEC4G,4
CTSG,4
DHRS2,4
GSTM1,4
HRH1,11
IL15,1
IL7,4
LCK,4
NMU,9
PDCD4,4
TRERF1,2
ACTN4,5
AKAP12,11
MMP10,5
CD68,4
MS4A1,2
CD46,11
CFB,11
CISH,2
CYR61,7
FAAH,11
FGF1,15
FGG,11
FGL1,11
HAMP,11
IFNAR1,11
IKBKE,11
IL11,11
LGALS3BP,11
LTBP1,11
MYD88,11
NLK,11
NOX1,2
OAS1,11
OSM,11
PHB,12
PROS1,11
PSMB5,11
ROR1,11
S100A11,11
S1PR1,11
SHH,7
STS,11
TYK2,11
UCP2,11
E2F2,1
TGFBI,1
RB1CC1,8
MLH1,7
MAFG,7
BPTF,12
HOXC8,12
TNFRSF11B,12
FOXJ1,9
DMC1,14
PSMD3,14
PSMD6,14
HMG20B,14
UTF1,11
NR0B1,5
XPA,8
CYC1,1
ANGPT2,8
IFIT3,2
IL27,2
SP100,11
RPL3,9
SKI,1
ACAT1,3
CCR1,2
CD22,4
FCGR1A,4
FCGRT,2
GLS,2
HSP90AA1,2
IFNLR1,2
IL1R1,2
LY96,11
MVP,14
PLSCR1,2
S100A10,2
SCARB1,2
XAF1,2
CREB5,11
GTF3A,6
RCAN1,2
SCARB2,4
DEC1,8
EVPL,8
SMARCD3,8
SATB2,8
CASP2,9
CPD,9
KIN,9
RNF111,9
BRD2,1
BRD3,1
TFE3,1
BRPF1,21
ING5,21
MEAF6,21
ABL2,2
EPHB2,2
HPSE2,2
MRVI1,2
RRAS2,2
SSPN,2
CBFA2T3,8
ZNF652,8
BAALC,4
BPI,4
CD6,4
CSF1R,4
GP1BA,4
MECOM,8
MIR27A,4
PIK3CD,4
PRKCQ,4
SLC22A4,4
SYMPK,4
HLF,3
TLE3,4
TOP2B,4
IHH,6
SNAI3,6
SP7,6
VEGFC,6
CAPN10,4
CD36,3
CLDN7,12
DNASE1,4
FADD,4
HSPD1,4
ICAM3,4
JAG1,8
PEA15,4
TIAL1,14
TXN2,4
CDC5L,24
PLRG1,24
CDCA7L,0
DSC2,3
IRF2BP2,3
KRT20,3
POSTN,3
APOBR,3
BRS3,0
CPT1B,5
DBI,3
DEFB103A,3
ERO1A,3
ERP44,3
GK,3
NOTCH4,3
PDK2,3
PLIN2,3
SAT1,3
SLC2A4,5
SLC9A1,3
SOCS7,3
TG,3
TSHR,3
UGT1A9,3
VLDLR,9
ACAT2,3
CDH17,3
FUT2,3
GUCY2C,3
HEPH,3
LCT,3
MEP1A,3
REG4,3
UGT1A10,3
UGT1A8,3
TFCP2,5
HOXC11,3
MYOD1,2
PBX2,14
CALB1,5
CAMP,5
CST5,5
CYP24A1,5
DKK4,5
HLA-DRB1,15
PODXL,5
TLR10,5
TNFRSF21,5
TPT1,5
TRPV6,5
UCP1,5
SNW1,5
ZNF224,5
CSF2RA,4
DEFA1,4
DEFA3,4
F9,4
HK3,4
HOMER3,4
HNF4G,3
TEF,5
DBP,3
FOXA3,3
RXRA,3
CREG1,6
RUNX1T1,4
VEZF1,4
ERF,4
KLF12,4
LHX2,7
CEBPG,10
CTSS,4
CXCR1,4
JCHAIN,4
ITGAM,4
NCF2,2
NSFL1C,4
P2RY10,4
PARG,4
PRTN3,4
RNASE2,3
TLR4,2
TNFRSF11A,4
HOXC13,7
SF1,5
ATG7,6
BAG3,6
CRYGA,6
CRYGB,6
GUCA2B,6
HSD17B6,6
HSP90B2P,6
HSPA1B,6
MAP3K14,6
POLK,6
SESN3,6
STIP1,6
UBB,6
SPIC,2
GABPB1,10
MAFF,10
GCSAM,1
C3,2
PDGFRA,7
PAX1,7
BMP4,12
DDC,12
FGF4,12
ITGA6,12
L1TD1,12
LEFTY1,12
SEMA6A,12
TBXT,12
TBX18,12
TDGF1,12
THY1,12
ZFP42,12
PRDM14,12
COL11A1,7
GZMB,7
DCC,7
MIA,7
NES,7
PRAME,7
RXFP2,7
CHD4,12
CD79A,12
RNF8,12
CCNE2,1
HOXA2,1
HLA-DMA,15
HLA-DMB,15
HLA-DOA,15
HLA-DPB1,15
HLA-DRA,15
HLA-DRB3,15
HLA-DRB4,15
HLA-DRB5,15
PLXNA1,15
PSMC5,15
RAB4B,15
SLC26A3,15
INSM1,15
HIVEP2,1
RFXANK,15
RFXAP,15
GLI3,1
DDX58,2
DST,2
EIF2AK2,0
OGN,2
POLH,2
SLPI,2
SOCS2,2
MAL,10
SP2,0
TPO,3
ATP1B1,13
CALD1,13
MAOA,0
RLN1,13
RLN2,13
RPS6KA3,13
SCNN1A,1
TAT,13
FOXE1,3
TTF2,3
CNOT7,7
PMP22,7
CNOT8,7
CRABP2,0
ANXA8,3
CXCR5,3
PRKCA,3
RPTOR,4
SCD,3
GRHL1,5
TFCP2L1,5
UBP1,5
RFX2,15
RFX3,15
GNRH1,7
MBP,7
PPP2R2D,0
TBPL1,0
APOA2,3
LHCGR,3
MTTP,3
ABCB11,3
ABCG5,3
ABCG8,3
HSD3B2,5
CAPNS1,14
COX6A1,5
GALNT3,14
IDE,14
PRDX5,14
SLC46A1,14
SPAST,16
TOMM34,14
LPAR2,8
MMP17,8
UBE2D3,8
CREB3L1,25
SLC1A4,25
CREB3L4,26
DNAJC12,26
ATP6V0E1,11
DGKG,11
MAPKAPK3,11
MX1,11
RASGRP3,11
RDX,11
TGFBR3,11
ADAMTS1,8
ADRB2,8
ALDH1A1,8
AXL,8
CPEB1,8
DACT3,5
FBXO32,9
HOXB13,7
PIP5K1C,8
POLR3D,8
RPLP0,8
SSTR1,8
BHLHE22,1
EMX2,14
GZF1,1
HOXA11,1
ARHGEF1,0
SHOX,0
KAT6A,2
ACADL,3
ACOX1,3
ACSL1,3
APOA4,3
APOA5,3
CGB5,3
CPT1A,3
CYP2C9,3
G0S2,6
IL6R,3
MLYCD,3
TUBA1B,3
CRX,7
ACR,0
FHL5,0
CD247,0
DUSP4,0
G6PD,0
GPX4,0
ZAP70,0
E4F1,1
ALDOB,3
MFN2,3
OTC,3
RBP3,7
RHO,7
OTX1,7
NRL,7
KLF15,7
ZNF239,7
SPEN,5
GDF3,12
LAMB1,12
MTF2,12
NODAL,12
SOX1,12
YES1,12
PBX1,14
FABP7,7
ITGB1,8
KRT12,7
PDHX,7
SIX3,7
CDC73,5
CIAO1,5
CX3CL1,5
CXXC5,5
EREG,2
NDRG2,5
NPHS1,5
PDGFA,11
U2AF2,5
UBE2I,5
WTAP,5
CTCFL,12
SMARCB1,8
FOXL1,12
H2AFX,7
IFITM5,7
WNT2B,7
STMN2,0
FTO,1
WNT5A,11
ACKR1,3
DEAF1,0
DEFB1,12
GRIN2B,12
HMGCS1,12
KLK10,12
MYOG,12
TBR1,12
CDH6,12
JUP,12
SETDB1,12
SALL3,12
DNMT3L,27
TDG,27
CORO1C,3
CYP2C8,3
CYP4F12,3
NOD1,3
RAB3A,3
THRSP,3
TNFRSF12A,3
DUX4,3
ACTA2,3
OCLN,3
LMX1B,14
GBA,0
ACKR3,9
LRP8,9
KL,8
SLC2A3,8
ABCC2,2
MAVS,2
TNPO1,2
NCL,4
PSG1,1
DKK3,1
EFNB3,1
LRRN3,6
MCM10,1
MCM2,1
MCM3,1
MCM4,1
MCM6,1
NGFR,1
NTRK1,1
SLC7A1,1
ATXN2,4
RBBP8,8
LIN54,1
PLK4,1
TOPBP1,1
TTK,1
MMACHC,1
LOXL2,1
EAF1,1
TFPT,1
ECD,28
GCGR,28
EED,8
POU4F1,2
EGR3,0
CLEC4C,7
CNTNAP2,7
DEFA5,7
DEFA6,7
LGR5,7
NOTUM,7
NRXN1,7
HOXB1,14
ZIC2,7
KLF14,0
GJB1,7
IDO1,7
LIF,7
MPZ,7
SCD5,7
EHF,10
DCDC2,10
TEK,4
EYA3,4
MIR708,4
PHLDA1,7
ITGA9,14
PKNOX1,14
ELF2,14
VCP,14
KRT4,10
SPRR1A,10
SPRR2A,10
POU2F3,10
HBD,1
DAP3,3
PTPRZ1,9
WISP2,0
ELAVL1,9
LATS2,9
SERPINB2,9
ELK3,5
MYH6,5
EN1,0
ABCB4,3
ABCC4,3
KRT13,3
PLTP,3
SLCO1B3,3
UGT2B4,3
IRF6,3
DNAAF4,13
HFE,8
SH3BP2,8
ACTC1,5
APH1A,5
CBX5,5
COX7C,5
DBH,5
DNAJB4,5
FCGR2B,5
FCGR3B,5
FDPS,3
FMO3,14
GBP1,5
GDAP1,5
INO80,5
LSS,5
PDIA6,5
PEG3,5
PRDM2,5
SAP30,5
TDO2,5
TOP3A,14
TSIX,5
WDFY4,5
ZNF175,5
COL4A3,8
GRHL2,8
ITGB4,8
LAMC2,8
PKP3,8
PCGF2,8
LTA,2
ASCL2,14
ASPH,14
ATP5F1A,14
CEACAM5,14
IGF2R,14
LIPC,14
MYH9,14
PKLR,14
LAMTOR5,1
CHRNE,4
ETV7,4
EPB41L3,8
EPB41L4B,8
HIST1H4L,8
ICAM2,8
ILK,8
KCNN2,8
TDRD1,8
WNT11,8
AGO1,3
DHX9,3
HDAC8,3
KMT2A,3
FOXF2,9
HIP1R,6
RAG1,6
MAFK,10
NFE2L1,10
HLTF,7
IDO2,4
MKNK2,6
PTPRC,6
ESRRB,29
BCAS2,29
EMSY,4
CD8A,4
CR1,4
CSNK2B,4
DUSP6,4
ECE1,4
FOXD1,4
CIP2A,4
MGAT5,4
RHOC,4
TMEM158,4
TRA,0
TRB,4
ZNF267,5
CGB3,0
DCBLD2,0
ECM1,0
GUSB,0
HIP1,0
IGFBP5,1
L1CAM,0
LNPEP,0
MCAM,0
NME3,0
SNAP91,0
SULT1E1,0
GAS2,5
EVX1,22
GSC,22
GSC2,22
SLC3A1,3
CD8B,2
SPARC,9
AKR1C2,8
CTPS1,8
DNM3,8
KLF17,8
MAPK3,8
PFDN4,8
RAP1A,8
SRPX,8
ZBTB14,1
FIGLA,6
AICDA,6
EXO1,6
LDB1,6
BTRC,9
SKIL,10
TGFBR1,10
CCR4,10
NR1H2,3
ZNF202,3
POU3F4,5
MYBBP1A,6
SOX14,3
FSHB,11
NEUROG3,11
NKX6-1,11
CAPN6,4
ADH5,3
DLK1,3
NOTCH3,14
PHOX2B,5
MT1E,9
MT1F,9
PSG7,9
WASF2,9
HOXD1,8
SLC26A4,0
FOXN1,7
FOXN4,30
PANK2,30
LHX3,12
FABP5,12
SELL,12
HNRNPD,12
VSX2,11
HDAC10,11
MLXIPL,11
PSMD11,11
SRPX2,7
USP21,2
RSPO2,9
WNT3A,9
FUBP3,31
FGF9,31
GABPB2,0
KLF3,4
GSS,4
ALDH1A2,8
ADH1A,4
MS4A2,4
PECAM1,4
TSHB,7
FUT7,2
IL12RB2,2
PAEP,2
SLCO4C1,2
PRF1,2
FABP2,5
FGF10,5
IAPP,5
SI,5
HEY2,3
TBX20,5
MYEF2,12
GATA5,14
DAB2,9
ERVFRD-1,9
KCNIP3,3
GUCY1B1,4
CDKL5,12
MAPK7,5
SOST,5
IL1R2,7
S100A7,7
SMO,1
VMP1,1
PHOX2A,5
TLX2,5
NCF1,1
TNFSF4,2
RORC,2
BMP7,8
GRM2,8
LGALS9,5
PRAM1,5
ULBP1,5
TGIF2,9
MAPK14,5
SLC2A4RG,5
SLIT2,5
BABAM2,5
RNF7,5
CCL17,2
CCL26,2
CNR1,2
CYSLTR1,2
ORMDL3,2
RHOA,2
SIDT1,2
SMYD1,11
MAP2,0
TLE1,3
ABCC6,14
AKR1C4,3
C1QTNF5,3
CYP2D6,3
GH1,7
KCNJ11,3
NPC1L1,3
PCSK9,3
SHBG,3
SLC22A6,3
UGT1A7,3
UGT2B7,3
NPSR1,3
SOX11,16
CA12,9
COL4A2,9
CTBP2,1
HIRA,32
PLB1,32
PAK1,12
GHR,7
LHX4,7
FABP1,3
SLC22A10,3
SLC22A9,3
TM4SF1,3
HNF1B,19
FXYD2,19
UMOD,19
PCBD1,19
FLG,10
PDCD5,1
KRT10,8
THBS2,11
HOXC10,23
HOXB8,23
HOXC9,23
MLL2,12
MLL3,12
HOXD13,8
FHL1,8
HOXD9,42
HR,2
MAP2K4,10
CRYGC,15
DNASE2B,15
NTRK3,12
PGA5,12
IKZF1,33
FGFR4,33
ACRV1,15
HLA-DQA1,15
FAT1,1
PHF10,1
TMEM71,7
ANGPT1,1
ARL6IP5,1
TRIM25,2
MED15,2
SEC14L2,2
PDLIM7,2
ZNF160,2
MYL7,5
ZIC1,10
SLC8A3,3
KDM4C,8
PTGS1,0
CLCNKA,7
ASAH1,0
PSG3,0
PSG5,0
CDC42,0
DOCK1,0
LGALS1,0
PTTG1IP,0
RAC1,0
KLF7,7
EPSTI1,8
SLC22A3,8
GYPA,8
DLG4,8
BCAS3,8
ITGB3BP,8
MNAT1,8
RNF144A,8
SUMO2,8
COL4A1,14
COL4A4,14
NPHS2,14
LRF,0
ITGB7,2
CEP55,3
ACACB,12
SNF8,1
MEIS2,34
IL17RB,34
CDKN2C,11
RAD51AP1,11
TFEB,7
SCAI,10
MLL4,2
APOD,14
PIK3R3,8
PRKN,7
ALPL,0
CYP46A1,0
ETF1,0
CNMD,0
MSH6,0
SLC1A3,14
TFF2,0
CLCN5,0
SALL2,0
MYF6,12
NAB1,7
MSLN,7
POU3F1,7
ENPP2,2
CDK11B,10
GSTA1,4
MTHFR,4
WFDC2,7
ALAS1,0
C4BPB,0
GTF3C1,0
GTF3C2,0
HMGB1,0
MATN1,0
SLC34A2,0
SMUG1,0
SLA2,2
PON2,3
CXCR3,2
PTGDR2,2
CYP2A6,11
LPIN1,11
DACT1,5
DACT2,5
GJA5,5
NONO,7
NPAS3,16
BRD4,1
TAF1A,1
INSL3,5
ABCG1,3
ABCG4,3
IL2RG,3
CABIN1,2
CCR6,2
SLC6A3,6
ETV2,5
OLIG2,7
PROC,7
SYTL4,7
HESX1,7
BLK,1
MEOX2,8
PHF8,8
CDC20,8
ALK,5
PRMT1,5
TBX4,6
TRIB2,6
FGF16,11
LHX6,11
PLOD1,11
SLC13A3,11
WNT2,11
MIP,0
CRLF1,14
METAP2,5
SFTPC,5
TNFRSF17,1
HIST2H2BE,4
HPGDS,4
LGALS4,4
SDC4,4
TXNRD1,4
CDH13,7
PDE5A,7
ACOT7,3
FDFT1,3
HMGCR,3
LRP1,3
PRSS8,3
CEL,11
CSN2,11
KMT5A,5
PTF1A,11
ROS1,10
COP1,10
CD70,15
ITGAL,15
MAP1A,15
HLA-DPA1,15
HLA-DQA2,15
HLA-DQB2,15
IL22,2
SLC39A3,6
ABCA3,8
UPF3B,8
SCAND1,3
POMGNT1,3
SERTAD1,35
SET,35
PTGER2,10
SF3B1,5
TCERG1,5
ADARB2,13
ADAM12,10
WWP1,10
SMG6,18
UPF1,18
NCBP1,18
SLBP,18
UPF2,18
GJC2,7
CSNK1A1,14
MACC1,14
SERBP1,14
SOX5,36
SPAG6,36
ACLY,3
HK2,3
PAPSS2,0
RETNLB,6
SPINK4,6
HAP1,12
SUPT3H,37
NEDD4L,37
TBC1D22A,38
ACBD3,38
ATP6V0A2,7
NAIP,7
DRD1,0
GPX1,0
FGA,5
LILRB1,2
LILRB2,2
LILRB4,2
DES,8
ZNF274,1
TSC22D1,39
CNP,39
ANAPC4,8
CCNC,8
CDKN3,8
CKS2,8
KPNA2,8
RAD9A,8
UBTF,40
TAF1B,40
EXT1,14
SCN9A,14
SLC16A1,14
SLC22A2,14
ERBB4,10
SPART,10
BAK1,13
LTBR,13
ARF1,1
PKM,8
BCL2L13,10
EIF3M,10
FAM57A,10
ZNF143,17
BUB1B,17
ESCO2,17
PCYT1A,17
TALDO1,17
ZNF444,41
SCARF1,41
